{
  "alarm-fill": 61697,
  "alarm": 61698,
  "align-bottom": 61699,
  "align-center": 61700,
  "align-end": 61701,
  "align-middle": 61702,
  "align-start": 61703,
  "align-top": 61704,
  "alt": 61705,
  "app-indicator": 61706,
  "app": 61707,
  "archive-fill": 61708,
  "archive": 61709,
  "arrow-90deg-down": 61710,
  "arrow-90deg-left": 61711,
  "arrow-90deg-right": 61712,
  "arrow-90deg-up": 61713,
  "arrow-bar-down": 61714,
  "arrow-bar-left": 61715,
  "arrow-bar-right": 61716,
  "arrow-bar-up": 61717,
  "arrow-clockwise": 61718,
  "arrow-counterclockwise": 61719,
  "arrow-down-circle-fill": 61720,
  "arrow-down-circle": 61721,
  "arrow-down-left-circle-fill": 61722,
  "arrow-down-left-circle": 61723,
  "arrow-down-left-square-fill": 61724,
  "arrow-down-left-square": 61725,
  "arrow-down-left": 61726,
  "arrow-down-right-circle-fill": 61727,
  "arrow-down-right-circle": 61728,
  "arrow-down-right-square-fill": 61729,
  "arrow-down-right-square": 61730,
  "arrow-down-right": 61731,
  "arrow-down-short": 61732,
  "arrow-down-square-fill": 61733,
  "arrow-down-square": 61734,
  "arrow-down-up": 61735,
  "arrow-down": 61736,
  "arrow-left-circle-fill": 61737,
  "arrow-left-circle": 61738,
  "arrow-left-right": 61739,
  "arrow-left-short": 61740,
  "arrow-left-square-fill": 61741,
  "arrow-left-square": 61742,
  "arrow-left": 61743,
  "arrow-repeat": 61744,
  "arrow-return-left": 61745,
  "arrow-return-right": 61746,
  "arrow-right-circle-fill": 61747,
  "arrow-right-circle": 61748,
  "arrow-right-short": 61749,
  "arrow-right-square-fill": 61750,
  "arrow-right-square": 61751,
  "arrow-right": 61752,
  "arrow-up-circle-fill": 61753,
  "arrow-up-circle": 61754,
  "arrow-up-left-circle-fill": 61755,
  "arrow-up-left-circle": 61756,
  "arrow-up-left-square-fill": 61757,
  "arrow-up-left-square": 61758,
  "arrow-up-left": 61759,
  "arrow-up-right-circle-fill": 61760,
  "arrow-up-right-circle": 61761,
  "arrow-up-right-square-fill": 61762,
  "arrow-up-right-square": 61763,
  "arrow-up-right": 61764,
  "arrow-up-short": 61765,
  "arrow-up-square-fill": 61766,
  "arrow-up-square": 61767,
  "arrow-up": 61768,
  "arrows-angle-contract": 61769,
  "arrows-angle-expand": 61770,
  "arrows-collapse": 61771,
  "arrows-expand": 61772,
  "arrows-fullscreen": 61773,
  "arrows-move": 61774,
  "aspect-ratio-fill": 61775,
  "aspect-ratio": 61776,
  "asterisk": 61777,
  "at": 61778,
  "award-fill": 61779,
  "award": 61780,
  "back": 61781,
  "backspace-fill": 61782,
  "backspace-reverse-fill": 61783,
  "backspace-reverse": 61784,
  "backspace": 61785,
  "badge-4k-fill": 61786,
  "badge-4k": 61787,
  "badge-8k-fill": 61788,
  "badge-8k": 61789,
  "badge-ad-fill": 61790,
  "badge-ad": 61791,
  "badge-cc-fill": 61792,
  "badge-cc": 61793,
  "badge-hd-fill": 61794,
  "badge-hd": 61795,
  "badge-tm-fill": 61796,
  "badge-tm": 61797,
  "badge-vo-fill": 61798,
  "badge-vo": 61799,
  "bag-check-fill": 61800,
  "bag-check": 61801,
  "bag-dash-fill": 61802,
  "bag-dash": 61803,
  "bag-fill": 61804,
  "bag-plus-fill": 61805,
  "bag-plus": 61806,
  "bag-x-fill": 61807,
  "bag-x": 61808,
  "bag": 61809,
  "bar-chart-fill": 61810,
  "bar-chart-line-fill": 61811,
  "bar-chart-line": 61812,
  "bar-chart-steps": 61813,
  "bar-chart": 61814,
  "basket-fill": 61815,
  "basket": 61816,
  "basket2-fill": 61817,
  "basket2": 61818,
  "basket3-fill": 61819,
  "basket3": 61820,
  "battery-charging": 61821,
  "battery-full": 61822,
  "battery-half": 61823,
  "battery": 61824,
  "bell-fill": 61825,
  "bell": 61826,
  "bezier": 61827,
  "bezier2": 61828,
  "bicycle": 61829,
  "binoculars-fill": 61830,
  "binoculars": 61831,
  "blockquote-left": 61832,
  "blockquote-right": 61833,
  "book-fill": 61834,
  "book-half": 61835,
  "book": 61836,
  "bookmark-check-fill": 61837,
  "bookmark-check": 61838,
  "bookmark-dash-fill": 61839,
  "bookmark-dash": 61840,
  "bookmark-fill": 61841,
  "bookmark-heart-fill": 61842,
  "bookmark-heart": 61843,
  "bookmark-plus-fill": 61844,
  "bookmark-plus": 61845,
  "bookmark-star-fill": 61846,
  "bookmark-star": 61847,
  "bookmark-x-fill": 61848,
  "bookmark-x": 61849,
  "bookmark": 61850,
  "bookmarks-fill": 61851,
  "bookmarks": 61852,
  "bookshelf": 61853,
  "bootstrap-fill": 61854,
  "bootstrap-reboot": 61855,
  "bootstrap": 61856,
  "border-style": 61857,
  "border-width": 61858,
  "bounding-box-circles": 61859,
  "bounding-box": 61860,
  "box-arrow-down-left": 61861,
  "box-arrow-down-right": 61862,
  "box-arrow-down": 61863,
  "box-arrow-in-down-left": 61864,
  "box-arrow-in-down-right": 61865,
  "box-arrow-in-down": 61866,
  "box-arrow-in-left": 61867,
  "box-arrow-in-right": 61868,
  "box-arrow-in-up-left": 61869,
  "box-arrow-in-up-right": 61870,
  "box-arrow-in-up": 61871,
  "box-arrow-left": 61872,
  "box-arrow-right": 61873,
  "box-arrow-up-left": 61874,
  "box-arrow-up-right": 61875,
  "box-arrow-up": 61876,
  "box-seam": 61877,
  "box": 61878,
  "braces": 61879,
  "bricks": 61880,
  "briefcase-fill": 61881,
  "briefcase": 61882,
  "brightness-alt-high-fill": 61883,
  "brightness-alt-high": 61884,
  "brightness-alt-low-fill": 61885,
  "brightness-alt-low": 61886,
  "brightness-high-fill": 61887,
  "brightness-high": 61888,
  "brightness-low-fill": 61889,
  "brightness-low": 61890,
  "broadcast-pin": 61891,
  "broadcast": 61892,
  "brush-fill": 61893,
  "brush": 61894,
  "bucket-fill": 61895,
  "bucket": 61896,
  "bug-fill": 61897,
  "bug": 61898,
  "building": 61899,
  "bullseye": 61900,
  "calculator-fill": 61901,
  "calculator": 61902,
  "calendar-check-fill": 61903,
  "calendar-check": 61904,
  "calendar-date-fill": 61905,
  "calendar-date": 61906,
  "calendar-day-fill": 61907,
  "calendar-day": 61908,
  "calendar-event-fill": 61909,
  "calendar-event": 61910,
  "calendar-fill": 61911,
  "calendar-minus-fill": 61912,
  "calendar-minus": 61913,
  "calendar-month-fill": 61914,
  "calendar-month": 61915,
  "calendar-plus-fill": 61916,
  "calendar-plus": 61917,
  "calendar-range-fill": 61918,
  "calendar-range": 61919,
  "calendar-week-fill": 61920,
  "calendar-week": 61921,
  "calendar-x-fill": 61922,
  "calendar-x": 61923,
  "calendar": 61924,
  "calendar2-check-fill": 61925,
  "calendar2-check": 61926,
  "calendar2-date-fill": 61927,
  "calendar2-date": 61928,
  "calendar2-day-fill": 61929,
  "calendar2-day": 61930,
  "calendar2-event-fill": 61931,
  "calendar2-event": 61932,
  "calendar2-fill": 61933,
  "calendar2-minus-fill": 61934,
  "calendar2-minus": 61935,
  "calendar2-month-fill": 61936,
  "calendar2-month": 61937,
  "calendar2-plus-fill": 61938,
  "calendar2-plus": 61939,
  "calendar2-range-fill": 61940,
  "calendar2-range": 61941,
  "calendar2-week-fill": 61942,
  "calendar2-week": 61943,
  "calendar2-x-fill": 61944,
  "calendar2-x": 61945,
  "calendar2": 61946,
  "calendar3-event-fill": 61947,
  "calendar3-event": 61948,
  "calendar3-fill": 61949,
  "calendar3-range-fill": 61950,
  "calendar3-range": 61951,
  "calendar3-week-fill": 61952,
  "calendar3-week": 61953,
  "calendar3": 61954,
  "calendar4-event": 61955,
  "calendar4-range": 61956,
  "calendar4-week": 61957,
  "calendar4": 61958,
  "camera-fill": 61959,
  "camera-reels-fill": 61960,
  "camera-reels": 61961,
  "camera-video-fill": 61962,
  "camera-video-off-fill": 61963,
  "camera-video-off": 61964,
  "camera-video": 61965,
  "camera": 61966,
  "camera2": 61967,
  "capslock-fill": 61968,
  "capslock": 61969,
  "card-checklist": 61970,
  "card-heading": 61971,
  "card-image": 61972,
  "card-list": 61973,
  "card-text": 61974,
  "caret-down-fill": 61975,
  "caret-down-square-fill": 61976,
  "caret-down-square": 61977,
  "caret-down": 61978,
  "caret-left-fill": 61979,
  "caret-left-square-fill": 61980,
  "caret-left-square": 61981,
  "caret-left": 61982,
  "caret-right-fill": 61983,
  "caret-right-square-fill": 61984,
  "caret-right-square": 61985,
  "caret-right": 61986,
  "caret-up-fill": 61987,
  "caret-up-square-fill": 61988,
  "caret-up-square": 61989,
  "caret-up": 61990,
  "cart-check-fill": 61991,
  "cart-check": 61992,
  "cart-dash-fill": 61993,
  "cart-dash": 61994,
  "cart-fill": 61995,
  "cart-plus-fill": 61996,
  "cart-plus": 61997,
  "cart-x-fill": 61998,
  "cart-x": 61999,
  "cart": 62000,
  "cart2": 62001,
  "cart3": 62002,
  "cart4": 62003,
  "cash-stack": 62004,
  "cash": 62005,
  "cast": 62006,
  "chat-dots-fill": 62007,
  "chat-dots": 62008,
  "chat-fill": 62009,
  "chat-left-dots-fill": 62010,
  "chat-left-dots": 62011,
  "chat-left-fill": 62012,
  "chat-left-quote-fill": 62013,
  "chat-left-quote": 62014,
  "chat-left-text-fill": 62015,
  "chat-left-text": 62016,
  "chat-left": 62017,
  "chat-quote-fill": 62018,
  "chat-quote": 62019,
  "chat-right-dots-fill": 62020,
  "chat-right-dots": 62021,
  "chat-right-fill": 62022,
  "chat-right-quote-fill": 62023,
  "chat-right-quote": 62024,
  "chat-right-text-fill": 62025,
  "chat-right-text": 62026,
  "chat-right": 62027,
  "chat-square-dots-fill": 62028,
  "chat-square-dots": 62029,
  "chat-square-fill": 62030,
  "chat-square-quote-fill": 62031,
  "chat-square-quote": 62032,
  "chat-square-text-fill": 62033,
  "chat-square-text": 62034,
  "chat-square": 62035,
  "chat-text-fill": 62036,
  "chat-text": 62037,
  "chat": 62038,
  "check-all": 62039,
  "check-circle-fill": 62040,
  "check-circle": 62041,
  "check-square-fill": 62042,
  "check-square": 62043,
  "check": 62044,
  "check2-all": 62045,
  "check2-circle": 62046,
  "check2-square": 62047,
  "check2": 62048,
  "chevron-bar-contract": 62049,
  "chevron-bar-down": 62050,
  "chevron-bar-expand": 62051,
  "chevron-bar-left": 62052,
  "chevron-bar-right": 62053,
  "chevron-bar-up": 62054,
  "chevron-compact-down": 62055,
  "chevron-compact-left": 62056,
  "chevron-compact-right": 62057,
  "chevron-compact-up": 62058,
  "chevron-contract": 62059,
  "chevron-double-down": 62060,
  "chevron-double-left": 62061,
  "chevron-double-right": 62062,
  "chevron-double-up": 62063,
  "chevron-down": 62064,
  "chevron-expand": 62065,
  "chevron-left": 62066,
  "chevron-right": 62067,
  "chevron-up": 62068,
  "circle-fill": 62069,
  "circle-half": 62070,
  "circle-square": 62071,
  "circle": 62072,
  "clipboard-check": 62073,
  "clipboard-data": 62074,
  "clipboard-minus": 62075,
  "clipboard-plus": 62076,
  "clipboard-x": 62077,
  "clipboard": 62078,
  "clock-fill": 62079,
  "clock-history": 62080,
  "clock": 62081,
  "cloud-arrow-down-fill": 62082,
  "cloud-arrow-down": 62083,
  "cloud-arrow-up-fill": 62084,
  "cloud-arrow-up": 62085,
  "cloud-check-fill": 62086,
  "cloud-check": 62087,
  "cloud-download-fill": 62088,
  "cloud-download": 62089,
  "cloud-fill": 62090,
  "cloud-minus-fill": 62091,
  "cloud-minus": 62092,
  "cloud-plus-fill": 62093,
  "cloud-plus": 62094,
  "cloud-slash-fill": 62095,
  "cloud-slash": 62096,
  "cloud-upload-fill": 62097,
  "cloud-upload": 62098,
  "cloud": 62099,
  "code-slash": 62100,
  "code-square": 62101,
  "code": 62102,
  "collection-fill": 62103,
  "collection-play-fill": 62104,
  "collection-play": 62105,
  "collection": 62106,
  "columns-gap": 62107,
  "columns": 62108,
  "command": 62109,
  "compass-fill": 62110,
  "compass": 62111,
  "cone-striped": 62112,
  "cone": 62113,
  "controller": 62114,
  "cpu-fill": 62115,
  "cpu": 62116,
  "credit-card-2-back-fill": 62117,
  "credit-card-2-back": 62118,
  "credit-card-2-front-fill": 62119,
  "credit-card-2-front": 62120,
  "credit-card-fill": 62121,
  "credit-card": 62122,
  "crop": 62123,
  "cup-fill": 62124,
  "cup-straw": 62125,
  "cup": 62126,
  "cursor-fill": 62127,
  "cursor-text": 62128,
  "cursor": 62129,
  "dash-circle-fill": 62130,
  "dash-circle": 62131,
  "dash-square-fill": 62132,
  "dash-square": 62133,
  "dash": 62134,
  "diagram-2-fill": 62135,
  "diagram-2": 62136,
  "diagram-3-fill": 62137,
  "diagram-3": 62138,
  "diamond-fill": 62139,
  "diamond-half": 62140,
  "diamond": 62141,
  "dice-1-fill": 62142,
  "dice-1": 62143,
  "dice-2-fill": 62144,
  "dice-2": 62145,
  "dice-3-fill": 62146,
  "dice-3": 62147,
  "dice-4-fill": 62148,
  "dice-4": 62149,
  "dice-5-fill": 62150,
  "dice-5": 62151,
  "dice-6-fill": 62152,
  "dice-6": 62153,
  "disc-fill": 62154,
  "disc": 62155,
  "discord": 62156,
  "display-fill": 62157,
  "display": 62158,
  "distribute-horizontal": 62159,
  "distribute-vertical": 62160,
  "door-closed-fill": 62161,
  "door-closed": 62162,
  "door-open-fill": 62163,
  "door-open": 62164,
  "dot": 62165,
  "download": 62166,
  "droplet-fill": 62167,
  "droplet-half": 62168,
  "droplet": 62169,
  "earbuds": 62170,
  "easel-fill": 62171,
  "easel": 62172,
  "egg-fill": 62173,
  "egg-fried": 62174,
  "egg": 62175,
  "eject-fill": 62176,
  "eject": 62177,
  "emoji-angry-fill": 62178,
  "emoji-angry": 62179,
  "emoji-dizzy-fill": 62180,
  "emoji-dizzy": 62181,
  "emoji-expressionless-fill": 62182,
  "emoji-expressionless": 62183,
  "emoji-frown-fill": 62184,
  "emoji-frown": 62185,
  "emoji-heart-eyes-fill": 62186,
  "emoji-heart-eyes": 62187,
  "emoji-laughing-fill": 62188,
  "emoji-laughing": 62189,
  "emoji-neutral-fill": 62190,
  "emoji-neutral": 62191,
  "emoji-smile-fill": 62192,
  "emoji-smile-upside-down-fill": 62193,
  "emoji-smile-upside-down": 62194,
  "emoji-smile": 62195,
  "emoji-sunglasses-fill": 62196,
  "emoji-sunglasses": 62197,
  "emoji-wink-fill": 62198,
  "emoji-wink": 62199,
  "envelope-fill": 62200,
  "envelope-open-fill": 62201,
  "envelope-open": 62202,
  "envelope": 62203,
  "exclamation-circle-fill": 62204,
  "exclamation-circle": 62205,
  "exclamation-diamond-fill": 62206,
  "exclamation-diamond": 62207,
  "exclamation-octagon-fill": 62208,
  "exclamation-octagon": 62209,
  "exclamation-square-fill": 62210,
  "exclamation-square": 62211,
  "exclamation-triangle-fill": 62212,
  "exclamation-triangle": 62213,
  "exclamation": 62214,
  "exclude": 62215,
  "eye-fill": 62216,
  "eye-slash-fill": 62217,
  "eye-slash": 62218,
  "eye": 62219,
  "eyeglasses": 62220,
  "facebook": 62221,
  "file-arrow-down-fill": 62222,
  "file-arrow-down": 62223,
  "file-arrow-up-fill": 62224,
  "file-arrow-up": 62225,
  "file-bar-graph-fill": 62226,
  "file-bar-graph": 62227,
  "file-binary-fill": 62228,
  "file-binary": 62229,
  "file-break-fill": 62230,
  "file-break": 62231,
  "file-check-fill": 62232,
  "file-check": 62233,
  "file-code-fill": 62234,
  "file-code": 62235,
  "file-diff-fill": 62236,
  "file-diff": 62237,
  "file-earmark-arrow-down-fill": 62238,
  "file-earmark-arrow-down": 62239,
  "file-earmark-arrow-up-fill": 62240,
  "file-earmark-arrow-up": 62241,
  "file-earmark-bar-graph-fill": 62242,
  "file-earmark-bar-graph": 62243,
  "file-earmark-binary-fill": 62244,
  "file-earmark-binary": 62245,
  "file-earmark-break-fill": 62246,
  "file-earmark-break": 62247,
  "file-earmark-check-fill": 62248,
  "file-earmark-check": 62249,
  "file-earmark-code-fill": 62250,
  "file-earmark-code": 62251,
  "file-earmark-diff-fill": 62252,
  "file-earmark-diff": 62253,
  "file-earmark-easel-fill": 62254,
  "file-earmark-easel": 62255,
  "file-earmark-excel-fill": 62256,
  "file-earmark-excel": 62257,
  "file-earmark-fill": 62258,
  "file-earmark-font-fill": 62259,
  "file-earmark-font": 62260,
  "file-earmark-image-fill": 62261,
  "file-earmark-image": 62262,
  "file-earmark-lock-fill": 62263,
  "file-earmark-lock": 62264,
  "file-earmark-lock2-fill": 62265,
  "file-earmark-lock2": 62266,
  "file-earmark-medical-fill": 62267,
  "file-earmark-medical": 62268,
  "file-earmark-minus-fill": 62269,
  "file-earmark-minus": 62270,
  "file-earmark-music-fill": 62271,
  "file-earmark-music": 62272,
  "file-earmark-person-fill": 62273,
  "file-earmark-person": 62274,
  "file-earmark-play-fill": 62275,
  "file-earmark-play": 62276,
  "file-earmark-plus-fill": 62277,
  "file-earmark-plus": 62278,
  "file-earmark-post-fill": 62279,
  "file-earmark-post": 62280,
  "file-earmark-ppt-fill": 62281,
  "file-earmark-ppt": 62282,
  "file-earmark-richtext-fill": 62283,
  "file-earmark-richtext": 62284,
  "file-earmark-ruled-fill": 62285,
  "file-earmark-ruled": 62286,
  "file-earmark-slides-fill": 62287,
  "file-earmark-slides": 62288,
  "file-earmark-spreadsheet-fill": 62289,
  "file-earmark-spreadsheet": 62290,
  "file-earmark-text-fill": 62291,
  "file-earmark-text": 62292,
  "file-earmark-word-fill": 62293,
  "file-earmark-word": 62294,
  "file-earmark-x-fill": 62295,
  "file-earmark-x": 62296,
  "file-earmark-zip-fill": 62297,
  "file-earmark-zip": 62298,
  "file-earmark": 62299,
  "file-easel-fill": 62300,
  "file-easel": 62301,
  "file-excel-fill": 62302,
  "file-excel": 62303,
  "file-fill": 62304,
  "file-font-fill": 62305,
  "file-font": 62306,
  "file-image-fill": 62307,
  "file-image": 62308,
  "file-lock-fill": 62309,
  "file-lock": 62310,
  "file-lock2-fill": 62311,
  "file-lock2": 62312,
  "file-medical-fill": 62313,
  "file-medical": 62314,
  "file-minus-fill": 62315,
  "file-minus": 62316,
  "file-music-fill": 62317,
  "file-music": 62318,
  "file-person-fill": 62319,
  "file-person": 62320,
  "file-play-fill": 62321,
  "file-play": 62322,
  "file-plus-fill": 62323,
  "file-plus": 62324,
  "file-post-fill": 62325,
  "file-post": 62326,
  "file-ppt-fill": 62327,
  "file-ppt": 62328,
  "file-richtext-fill": 62329,
  "file-richtext": 62330,
  "file-ruled-fill": 62331,
  "file-ruled": 62332,
  "file-slides-fill": 62333,
  "file-slides": 62334,
  "file-spreadsheet-fill": 62335,
  "file-spreadsheet": 62336,
  "file-text-fill": 62337,
  "file-text": 62338,
  "file-word-fill": 62339,
  "file-word": 62340,
  "file-x-fill": 62341,
  "file-x": 62342,
  "file-zip-fill": 62343,
  "file-zip": 62344,
  "file": 62345,
  "files-alt": 62346,
  "files": 62347,
  "film": 62348,
  "filter-circle-fill": 62349,
  "filter-circle": 62350,
  "filter-left": 62351,
  "filter-right": 62352,
  "filter-square-fill": 62353,
  "filter-square": 62354,
  "filter": 62355,
  "flag-fill": 62356,
  "flag": 62357,
  "flower1": 62358,
  "flower2": 62359,
  "flower3": 62360,
  "folder-check": 62361,
  "folder-fill": 62362,
  "folder-minus": 62363,
  "folder-plus": 62364,
  "folder-symlink-fill": 62365,
  "folder-symlink": 62366,
  "folder-x": 62367,
  "folder": 62368,
  "folder2-open": 62369,
  "folder2": 62370,
  "fonts": 62371,
  "forward-fill": 62372,
  "forward": 62373,
  "front": 62374,
  "fullscreen-exit": 62375,
  "fullscreen": 62376,
  "funnel-fill": 62377,
  "funnel": 62378,
  "gear-fill": 62379,
  "gear-wide-connected": 62380,
  "gear-wide": 62381,
  "gear": 62382,
  "gem": 62383,
  "geo-alt-fill": 62384,
  "geo-alt": 62385,
  "geo-fill": 62386,
  "geo": 62387,
  "gift-fill": 62388,
  "gift": 62389,
  "github": 62390,
  "globe": 62391,
  "globe2": 62392,
  "google": 62393,
  "graph-down": 62394,
  "graph-up": 62395,
  "grid-1x2-fill": 62396,
  "grid-1x2": 62397,
  "grid-3x2-gap-fill": 62398,
  "grid-3x2-gap": 62399,
  "grid-3x2": 62400,
  "grid-3x3-gap-fill": 62401,
  "grid-3x3-gap": 62402,
  "grid-3x3": 62403,
  "grid-fill": 62404,
  "grid": 62405,
  "grip-horizontal": 62406,
  "grip-vertical": 62407,
  "hammer": 62408,
  "hand-index-thumb": 62409,
  "hand-index": 62410,
  "hand-thumbs-down": 62411,
  "hand-thumbs-up": 62412,
  "handbag-fill": 62413,
  "handbag": 62414,
  "hash": 62415,
  "hdd-fill": 62416,
  "hdd-network-fill": 62417,
  "hdd-network": 62418,
  "hdd-rack-fill": 62419,
  "hdd-rack": 62420,
  "hdd-stack-fill": 62421,
  "hdd-stack": 62422,
  "hdd": 62423,
  "headphones": 62424,
  "headset": 62425,
  "heart-fill": 62426,
  "heart-half": 62427,
  "heart": 62428,
  "heptagon-fill": 62429,
  "heptagon-half": 62430,
  "heptagon": 62431,
  "hexagon-fill": 62432,
  "hexagon-half": 62433,
  "hexagon": 62434,
  "hourglass-bottom": 62435,
  "hourglass-split": 62436,
  "hourglass-top": 62437,
  "hourglass": 62438,
  "house-door-fill": 62439,
  "house-door": 62440,
  "house-fill": 62441,
  "house": 62442,
  "hr": 62443,
  "image-alt": 62444,
  "image-fill": 62445,
  "image": 62446,
  "images": 62447,
  "inbox-fill": 62448,
  "inbox": 62449,
  "inboxes-fill": 62450,
  "inboxes": 62451,
  "info-circle-fill": 62452,
  "info-circle": 62453,
  "info-square-fill": 62454,
  "info-square": 62455,
  "info": 62456,
  "input-cursor-text": 62457,
  "input-cursor": 62458,
  "instagram": 62459,
  "intersect": 62460,
  "journal-album": 62461,
  "journal-arrow-down": 62462,
  "journal-arrow-up": 62463,
  "journal-bookmark-fill": 62464,
  "journal-bookmark": 62465,
  "journal-check": 62466,
  "journal-code": 62467,
  "journal-medical": 62468,
  "journal-minus": 62469,
  "journal-plus": 62470,
  "journal-richtext": 62471,
  "journal-text": 62472,
  "journal-x": 62473,
  "journal": 62474,
  "journals": 62475,
  "joystick": 62476,
  "justify-left": 62477,
  "justify-right": 62478,
  "justify": 62479,
  "kanban-fill": 62480,
  "kanban": 62481,
  "key-fill": 62482,
  "key": 62483,
  "keyboard-fill": 62484,
  "keyboard": 62485,
  "ladder": 62486,
  "lamp-fill": 62487,
  "lamp": 62488,
  "laptop-fill": 62489,
  "laptop": 62490,
  "layers-fill": 62491,
  "layers-half": 62492,
  "layers": 62493,
  "layout-sidebar-inset-reverse": 62494,
  "layout-sidebar-inset": 62495,
  "layout-sidebar-reverse": 62496,
  "layout-sidebar": 62497,
  "layout-split": 62498,
  "layout-text-sidebar-reverse": 62499,
  "layout-text-sidebar": 62500,
  "layout-text-window-reverse": 62501,
  "layout-text-window": 62502,
  "layout-three-columns": 62503,
  "layout-wtf": 62504,
  "life-preserver": 62505,
  "lightning-fill": 62506,
  "lightning": 62507,
  "link-45deg": 62508,
  "link": 62509,
  "linkedin": 62510,
  "list-check": 62511,
  "list-nested": 62512,
  "list-ol": 62513,
  "list-stars": 62514,
  "list-task": 62515,
  "list-ul": 62516,
  "list": 62517,
  "lock-fill": 62518,
  "lock": 62519,
  "mailbox": 62520,
  "mailbox2": 62521,
  "map-fill": 62522,
  "map": 62523,
  "markdown-fill": 62524,
  "markdown": 62525,
  "menu-app-fill": 62526,
  "menu-app": 62527,
  "menu-button-fill": 62528,
  "menu-button-wide-fill": 62529,
  "menu-button-wide": 62530,
  "menu-button": 62531,
  "menu-down": 62532,
  "menu-up": 62533,
  "mic-fill": 62534,
  "mic-mute-fill": 62535,
  "mic-mute": 62536,
  "mic": 62537,
  "minecart-loaded": 62538,
  "minecart": 62539,
  "moon": 62540,
  "mouse": 62541,
  "mouse2": 62542,
  "mouse3": 62543,
  "music-note-beamed": 62544,
  "music-note-list": 62545,
  "music-note": 62546,
  "music-player-fill": 62547,
  "music-player": 62548,
  "newspaper": 62549,
  "node-minus-fill": 62550,
  "node-minus": 62551,
  "node-plus-fill": 62552,
  "node-plus": 62553,
  "nut-fill": 62554,
  "nut": 62555,
  "octagon-fill": 62556,
  "octagon-half": 62557,
  "octagon": 62558,
  "option": 62559,
  "outlet": 62560,
  "paperclip": 62561,
  "paragraph": 62562,
  "patch-check-fll": 62563,
  "patch-check": 62564,
  "patch-exclamation-fll": 62565,
  "patch-exclamation": 62566,
  "patch-minus-fll": 62567,
  "patch-minus": 62568,
  "patch-plus-fll": 62569,
  "patch-plus": 62570,
  "patch-question-fll": 62571,
  "patch-question": 62572,
  "pause-btn-fill": 62573,
  "pause-btn": 62574,
  "pause-circle-fill": 62575,
  "pause-circle": 62576,
  "pause-fill": 62577,
  "pause": 62578,
  "peace-fill": 62579,
  "peace": 62580,
  "pen-fill": 62581,
  "pen": 62582,
  "pencil-fill": 62583,
  "pencil-square": 62584,
  "pencil": 62585,
  "pentagon-fill": 62586,
  "pentagon-half": 62587,
  "pentagon": 62588,
  "people-fill": 62589,
  "people": 62590,
  "percent": 62591,
  "person-badge-fill": 62592,
  "person-badge": 62593,
  "person-bounding-box": 62594,
  "person-check-fill": 62595,
  "person-check": 62596,
  "person-circle": 62597,
  "person-dash-fill": 62598,
  "person-dash": 62599,
  "person-fill": 62600,
  "person-lines-fill": 62601,
  "person-plus-fill": 62602,
  "person-plus": 62603,
  "person-square": 62604,
  "person-x-fill": 62605,
  "person-x": 62606,
  "person": 62607,
  "phone-fill": 62608,
  "phone-landscape-fill": 62609,
  "phone-landscape": 62610,
  "phone-vibrate": 62611,
  "phone": 62612,
  "pie-chart-fill": 62613,
  "pie-chart": 62614,
  "pip-fill": 62615,
  "pip": 62616,
  "play-btn-fill": 62617,
  "play-btn": 62618,
  "play-circle-fill": 62619,
  "play-circle": 62620,
  "play-fill": 62621,
  "play": 62622,
  "plug-fill": 62623,
  "plug": 62624,
  "plus-circle-fill": 62625,
  "plus-circle": 62626,
  "plus-square-fill": 62627,
  "plus-square": 62628,
  "plus": 62629,
  "power": 62630,
  "printer-fill": 62631,
  "printer": 62632,
  "puzzle-fill": 62633,
  "puzzle": 62634,
  "question-circle-fill": 62635,
  "question-circle": 62636,
  "question-diamond-fill": 62637,
  "question-diamond": 62638,
  "question-octagon-fill": 62639,
  "question-octagon": 62640,
  "question-square-fill": 62641,
  "question-square": 62642,
  "question": 62643,
  "receipt-cutoff": 62644,
  "receipt": 62645,
  "reception-0": 62646,
  "reception-1": 62647,
  "reception-2": 62648,
  "reception-3": 62649,
  "reception-4": 62650,
  "record-btn-fill": 62651,
  "record-btn": 62652,
  "record-circle-fill": 62653,
  "record-circle": 62654,
  "record-fill": 62655,
  "record": 62656,
  "record2-fill": 62657,
  "record2": 62658,
  "reply-all-fill": 62659,
  "reply-all": 62660,
  "reply-fill": 62661,
  "reply": 62662,
  "rss-fill": 62663,
  "rss": 62664,
  "scissors": 62665,
  "screwdriver": 62666,
  "search": 62667,
  "segmented-nav": 62668,
  "server": 62669,
  "share-fill": 62670,
  "share": 62671,
  "shield-check": 62672,
  "shield-exclamation": 62673,
  "shield-fill-check": 62674,
  "shield-fill-exclamation": 62675,
  "shield-fill-minus": 62676,
  "shield-fill-plus": 62677,
  "shield-fill-x": 62678,
  "shield-fill": 62679,
  "shield-lock-fill": 62680,
  "shield-lock": 62681,
  "shield-minus": 62682,
  "shield-plus": 62683,
  "shield-shaded": 62684,
  "shield-slash-fill": 62685,
  "shield-slash": 62686,
  "shield-x": 62687,
  "shield": 62688,
  "shift-fill": 62689,
  "shift": 62690,
  "shop-window": 62691,
  "shop": 62692,
  "shuffle": 62693,
  "signpost-2-fill": 62694,
  "signpost-2": 62695,
  "signpost-fill": 62696,
  "signpost-split-fill": 62697,
  "signpost-split": 62698,
  "signpost": 62699,
  "sim-fill": 62700,
  "sim": 62701,
  "skip-backward-btn-fill": 62702,
  "skip-backward-btn": 62703,
  "skip-backward-circle-fill": 62704,
  "skip-backward-circle": 62705,
  "skip-backward-fill": 62706,
  "skip-backward": 62707,
  "skip-end-btn-fill": 62708,
  "skip-end-btn": 62709,
  "skip-end-circle-fill": 62710,
  "skip-end-circle": 62711,
  "skip-end-fill": 62712,
  "skip-end": 62713,
  "skip-forward-btn-fill": 62714,
  "skip-forward-btn": 62715,
  "skip-forward-circle-fill": 62716,
  "skip-forward-circle": 62717,
  "skip-forward-fill": 62718,
  "skip-forward": 62719,
  "skip-start-btn-fill": 62720,
  "skip-start-btn": 62721,
  "skip-start-circle-fill": 62722,
  "skip-start-circle": 62723,
  "skip-start-fill": 62724,
  "skip-start": 62725,
  "slack": 62726,
  "slash-circle-fill": 62727,
  "slash-circle": 62728,
  "slash-square-fill": 62729,
  "slash-square": 62730,
  "slash": 62731,
  "sliders": 62732,
  "smartwatch": 62733,
  "sort-alpha-down-alt": 62734,
  "sort-alpha-down": 62735,
  "sort-alpha-up-alt": 62736,
  "sort-alpha-up": 62737,
  "sort-down-alt": 62738,
  "sort-down": 62739,
  "sort-numeric-down-alt": 62740,
  "sort-numeric-down": 62741,
  "sort-numeric-up-alt": 62742,
  "sort-numeric-up": 62743,
  "sort-up-alt": 62744,
  "sort-up": 62745,
  "soundwave": 62746,
  "speaker-fill": 62747,
  "speaker": 62748,
  "spellcheck": 62749,
  "square-fill": 62750,
  "square-half": 62751,
  "square": 62752,
  "star-fill": 62753,
  "star-half": 62754,
  "star": 62755,
  "stickies-fill": 62756,
  "stickies": 62757,
  "sticky-fill": 62758,
  "sticky": 62759,
  "stop-btn-fill": 62760,
  "stop-btn": 62761,
  "stop-circle-fill": 62762,
  "stop-circle": 62763,
  "stop-fill": 62764,
  "stop": 62765,
  "stoplights-fill": 62766,
  "stoplights": 62767,
  "stopwatch-fill": 62768,
  "stopwatch": 62769,
  "subtract": 62770,
  "suit-club-fill": 62771,
  "suit-club": 62772,
  "suit-diamond-fill": 62773,
  "suit-diamond": 62774,
  "suit-heart-fill": 62775,
  "suit-heart": 62776,
  "suit-spade-fill": 62777,
  "suit-spade": 62778,
  "sun": 62779,
  "sunglasses": 62780,
  "table": 62781,
  "tablet-fill": 62782,
  "tablet-landscape-fill": 62783,
  "tablet-landscape": 62784,
  "tablet": 62785,
  "tag-fill": 62786,
  "tag": 62787,
  "tags-fill": 62788,
  "tags": 62789,
  "telephone-fill": 62790,
  "telephone-forward-fill": 62791,
  "telephone-forward": 62792,
  "telephone-inbound-fill": 62793,
  "telephone-inbound": 62794,
  "telephone-minus-fill": 62795,
  "telephone-minus": 62796,
  "telephone-outbound-fill": 62797,
  "telephone-outbound": 62798,
  "telephone-plus-fill": 62799,
  "telephone-plus": 62800,
  "telephone-x-fill": 62801,
  "telephone-x": 62802,
  "telephone": 62803,
  "terminal-fill": 62804,
  "terminal": 62805,
  "text-center": 62806,
  "text-indent-left": 62807,
  "text-indent-right": 62808,
  "text-left": 62809,
  "text-paragraph": 62810,
  "text-right": 62811,
  "textarea-resize": 62812,
  "textarea-t": 62813,
  "textarea": 62814,
  "thermometer-half": 62815,
  "thermometer": 62816,
  "three-dots-vertical": 62817,
  "three-dots": 62818,
  "toggle-off": 62819,
  "toggle-on": 62820,
  "toggle2-off": 62821,
  "toggle2-on": 62822,
  "toggles": 62823,
  "toggles2": 62824,
  "tools": 62825,
  "trash-fill": 62826,
  "trash": 62827,
  "trash2-fill": 62828,
  "trash2": 62829,
  "tree-fill": 62830,
  "tree": 62831,
  "triangle-fill": 62832,
  "triangle-half": 62833,
  "triangle": 62834,
  "trophy-fill": 62835,
  "trophy": 62836,
  "truck-flatbed": 62837,
  "truck": 62838,
  "tv-fill": 62839,
  "tv": 62840,
  "twitch": 62841,
  "twitter": 62842,
  "type-bold": 62843,
  "type-h1": 62844,
  "type-h2": 62845,
  "type-h3": 62846,
  "type-italic": 62847,
  "type-strikethrough": 62848,
  "type-underline": 62849,
  "type": 62850,
  "ui-checks-grid": 62851,
  "ui-checks": 62852,
  "ui-radios-grid": 62853,
  "ui-radios": 62854,
  "union": 62855,
  "unlock-fill": 62856,
  "unlock": 62857,
  "upc-scan": 62858,
  "upc": 62859,
  "upload": 62860,
  "vector-pen": 62861,
  "view-list": 62862,
  "view-stacked": 62863,
  "vinyl-fill": 62864,
  "vinyl": 62865,
  "voicemail": 62866,
  "volume-down-fill": 62867,
  "volume-down": 62868,
  "volume-mute-fill": 62869,
  "volume-mute": 62870,
  "volume-off-fill": 62871,
  "volume-off": 62872,
  "volume-up-fill": 62873,
  "volume-up": 62874,
  "vr": 62875,
  "wallet-fill": 62876,
  "wallet": 62877,
  "wallet2": 62878,
  "watch": 62879,
  "wifi-1": 62880,
  "wifi-2": 62881,
  "wifi-off": 62882,
  "wifi": 62883,
  "window": 62884,
  "wrench": 62885,
  "x-circle-fill": 62886,
  "x-circle": 62887,
  "x-diamond-fill": 62888,
  "x-diamond": 62889,
  "x-octagon-fill": 62890,
  "x-octagon": 62891,
  "x-square-fill": 62892,
  "x-square": 62893,
  "x": 62894,
  "youtube": 62895,
  "zoom-in": 62896,
  "zoom-out": 62897
}